{"f1_score": 0.8352549090254008, "balanced_accuracy_score": 0.8300653594771241}